transaction_id,amount,transaction_type,merchant_category,hour,location_risk,device_trusted,failed_attempts,is_international,fraud
TXN0001,124435,Bank Transfer,Travel,3,0,1,3,1,1
TXN0002,40045,UPI,Electronics,1,0,0,2,0,0
TXN0003,20747,Card,Grocery,2,0,0,0,0,0
TXN0004,17781,Bank Transfer,Travel,23,0,1,1,1,0
TXN0005,41564,Bank Transfer,Grocery,22,1,0,1,1,0
TXN0006,112167,UPI,Electronics,12,1,0,3,1,1
TXN0007,96422,Bank Transfer,Grocery,19,0,1,2,1,1
TXN0008,131861,UPI,Fuel,12,1,0,4,0,1
TXN0009,16278,UPI,Travel,13,1,0,3,0,0
TXN0010,141886,Bank Transfer,Grocery,9,0,1,1,0,0
TXN0011,147026,UPI,Electronics,23,1,0,1,1,1
TXN0012,93127,Bank Transfer,Electronics,17,0,1,2,0,0
TXN0013,8621,Card,Electronics,5,0,1,5,1,0
TXN0014,43279,UPI,Travel,7,1,0,0,0,0
TXN0015,12187,UPI,Grocery,10,1,0,2,1,0
TXN0016,90999,UPI,Travel,10,0,0,4,0,1
TXN0017,72684,UPI,Fuel,17,0,0,1,1,1
TXN0018,118806,UPI,Food,5,0,1,3,1,1
TXN0019,108907,Bank Transfer,Grocery,6,1,0,3,0,1
TXN0020,111293,UPI,Food,9,0,1,3,0,1
TXN0021,47073,UPI,Food,14,1,0,5,0,0
TXN0022,83262,UPI,Grocery,5,0,1,4,0,1
TXN0023,112219,Card,Travel,20,1,0,4,0,1
TXN0024,14870,Card,Travel,18,0,0,2,0,0
TXN0025,63590,Bank Transfer,Fuel,5,0,0,4,1,1
TXN0026,113806,Card,Fuel,22,1,1,5,0,1
TXN0027,12582,Card,Food,14,1,1,5,1,0
TXN0028,55669,Card,Shopping,18,0,0,3,0,1
TXN0029,80975,UPI,Grocery,8,0,0,0,0,1
TXN0030,122747,UPI,Fuel,16,0,0,1,1,1
TXN0031,64923,Bank Transfer,Grocery,15,1,1,0,0,0
TXN0032,117779,Bank Transfer,Grocery,17,1,0,0,0,1
TXN0033,10519,Bank Transfer,Shopping,20,1,1,0,1,0
TXN0034,122582,Bank Transfer,Fuel,7,1,0,1,0,1
TXN0035,133649,Card,Grocery,3,1,1,1,1,1
TXN0036,79361,Card,Electronics,12,0,0,2,1,1
TXN0037,71536,UPI,Travel,7,1,0,1,0,1
TXN0038,89884,Bank Transfer,Grocery,22,1,0,3,1,1
TXN0039,9736,Card,Grocery,8,1,0,5,0,0
TXN0040,83346,Card,Food,21,0,0,5,1,1
TXN0041,32535,UPI,Travel,8,1,0,4,1,0
TXN0042,148741,Card,Food,1,1,0,0,0,1
TXN0043,105083,UPI,Fuel,19,0,1,4,0,1
TXN0044,61741,Card,Food,8,1,1,0,0,0
TXN0045,49852,UPI,Electronics,14,1,1,2,1,0
TXN0046,120542,Card,Food,15,1,0,3,1,1
TXN0047,124237,Bank Transfer,Grocery,4,0,0,5,1,1
TXN0048,10223,Card,Fuel,13,0,1,1,1,0
TXN0049,24425,Card,Grocery,0,1,0,2,1,0
TXN0050,74127,Bank Transfer,Electronics,8,1,1,1,1,1
TXN0051,7842,UPI,Electronics,14,0,0,4,1,0
TXN0052,38472,Bank Transfer,Shopping,6,0,1,0,0,0
TXN0053,137649,UPI,Grocery,20,0,1,5,1,1
TXN0054,143717,Card,Shopping,6,0,1,4,1,1
TXN0055,113269,Bank Transfer,Travel,8,1,0,2,1,1
TXN0056,135391,Bank Transfer,Fuel,19,0,1,0,0,0
TXN0057,129034,Bank Transfer,Electronics,5,0,0,0,0,1
TXN0058,106285,Bank Transfer,Fuel,9,0,1,4,1,1
TXN0059,95544,Bank Transfer,Grocery,10,1,1,0,1,1
TXN0060,32003,UPI,Grocery,3,0,1,4,0,0
TXN0061,5673,UPI,Grocery,3,0,1,2,0,0
TXN0062,47543,UPI,Travel,21,1,0,2,0,0
TXN0063,15269,UPI,Fuel,3,1,1,1,0,0
TXN0064,26755,UPI,Food,2,0,1,2,1,0
TXN0065,9087,UPI,Grocery,1,0,1,2,0,0
TXN0066,51972,Card,Travel,8,1,1,2,0,0
TXN0067,2826,UPI,Food,17,1,1,4,1,0
TXN0068,62502,Bank Transfer,Shopping,20,1,0,3,0,1
TXN0069,121839,Card,Food,21,0,1,1,1,1
TXN0070,13203,Card,Shopping,4,1,0,3,0,0
TXN0071,50925,UPI,Electronics,13,0,0,1,0,1
TXN0072,145215,UPI,Grocery,22,0,1,2,1,1
TXN0073,67633,UPI,Fuel,11,1,0,3,1,1
TXN0074,71127,Bank Transfer,Travel,8,0,0,5,0,1
TXN0075,26161,Card,Grocery,0,0,1,1,0,0
TXN0076,125551,Card,Food,9,0,0,0,0,1
TXN0077,141581,Bank Transfer,Fuel,5,1,1,0,1,1
TXN0078,13190,UPI,Food,20,1,1,3,0,0
TXN0079,27532,Card,Grocery,14,1,1,1,1,0
TXN0080,64173,Bank Transfer,Food,23,0,0,2,0,1
TXN0081,126808,Bank Transfer,Electronics,18,0,1,3,1,1
TXN0082,135691,UPI,Grocery,0,1,0,2,0,1
TXN0083,121172,Bank Transfer,Travel,19,0,1,2,1,1
TXN0084,10784,UPI,Grocery,13,0,0,3,1,0
TXN0085,121475,Bank Transfer,Fuel,6,0,1,5,1,1
TXN0086,38387,Bank Transfer,Electronics,17,0,0,0,0,0
TXN0087,113053,Bank Transfer,Electronics,12,0,0,1,1,1
TXN0088,65116,Bank Transfer,Shopping,9,1,1,4,0,1
TXN0089,29826,Card,Travel,11,1,1,1,0,0
TXN0090,103121,UPI,Food,19,0,0,4,0,1
TXN0091,52924,UPI,Grocery,4,1,0,2,1,1
TXN0092,130754,Bank Transfer,Food,19,1,0,0,0,1
TXN0093,101747,UPI,Fuel,3,0,1,4,1,1
TXN0094,54714,Card,Travel,10,0,1,4,1,1
TXN0095,110756,Card,Travel,0,1,1,0,0,0
TXN0096,106574,Bank Transfer,Travel,18,1,0,0,1,1
TXN0097,42154,Card,Shopping,11,1,1,3,1,0
TXN0098,85922,Card,Food,0,0,0,2,0,1
TXN0099,3718,UPI,Fuel,8,0,1,3,1,0
TXN0100,104531,Bank Transfer,Food,2,0,1,3,1,1
TXN0101,86068,UPI,Shopping,20,1,0,3,1,1
TXN0102,92218,Bank Transfer,Fuel,13,0,0,1,0,1
TXN0103,47606,UPI,Food,20,1,0,5,0,0
TXN0104,102795,UPI,Travel,7,1,1,3,1,1
TXN0105,66096,Card,Fuel,2,0,0,1,0,1
TXN0106,8237,Card,Travel,23,0,1,1,1,0
TXN0107,60789,UPI,Electronics,19,0,1,1,0,0
TXN0108,127767,UPI,Food,15,1,0,0,1,1
TXN0109,63962,UPI,Travel,4,1,1,4,0,1
TXN0110,8666,UPI,Grocery,4,0,1,0,0,0
TXN0111,108242,UPI,Fuel,11,0,1,0,0,0
TXN0112,70668,UPI,Shopping,13,0,0,1,0,1
TXN0113,67607,Card,Food,18,0,0,3,1,1
TXN0114,82990,UPI,Electronics,6,0,1,0,1,1
TXN0115,37853,UPI,Travel,5,1,0,4,0,0
TXN0116,85306,Card,Shopping,2,0,0,0,0,1
TXN0117,37780,Bank Transfer,Fuel,15,1,0,3,1,0
TXN0118,130099,Bank Transfer,Travel,22,0,1,5,0,1
TXN0119,42325,Bank Transfer,Shopping,13,1,0,3,0,0
TXN0120,60648,Card,Grocery,21,1,1,1,0,0
TXN0121,24647,UPI,Travel,4,1,0,3,0,0
TXN0122,49131,UPI,Food,21,0,1,1,1,0
TXN0123,107670,UPI,Shopping,15,0,0,3,1,1
TXN0124,134615,Card,Travel,15,1,0,1,0,1
TXN0125,5979,UPI,Fuel,9,0,1,0,0,0
TXN0126,19985,UPI,Shopping,4,1,0,3,1,0
TXN0127,71366,Card,Electronics,3,0,1,1,1,1
TXN0128,34342,Bank Transfer,Travel,11,1,1,2,1,0
TXN0129,30649,Card,Food,23,0,0,5,0,0
TXN0130,66968,Bank Transfer,Grocery,13,1,0,1,0,1
TXN0131,23568,Card,Electronics,8,0,0,3,1,0
TXN0132,76264,Bank Transfer,Food,17,0,0,3,0,1
TXN0133,139131,Bank Transfer,Food,6,1,1,5,1,1
TXN0134,61159,Card,Shopping,11,1,0,2,0,1
TXN0135,15544,Bank Transfer,Food,19,0,0,4,1,0
TXN0136,12744,Card,Food,4,0,1,1,0,0
TXN0137,44308,Card,Shopping,18,0,1,0,0,0
TXN0138,138163,Card,Grocery,3,0,1,2,0,0
TXN0139,63230,UPI,Grocery,3,0,0,0,0,1
TXN0140,50783,Card,Food,9,0,1,0,0,0
TXN0141,104065,UPI,Fuel,9,1,0,0,1,1
TXN0142,47030,Card,Grocery,5,0,0,5,1,0
TXN0143,143849,Card,Shopping,20,1,1,5,0,1
TXN0144,148196,UPI,Travel,11,0,1,5,0,1
TXN0145,55119,Card,Food,16,0,0,4,1,1
TXN0146,31733,Bank Transfer,Travel,20,1,0,3,0,0
TXN0147,123019,Bank Transfer,Travel,3,1,1,4,0,1
TXN0148,945,Bank Transfer,Travel,7,0,1,1,1,0
TXN0149,17951,Bank Transfer,Electronics,0,1,1,4,1,0
TXN0150,115391,Card,Fuel,18,1,1,5,1,1
TXN0151,9866,Bank Transfer,Electronics,4,0,1,4,1,0
TXN0152,20280,Bank Transfer,Electronics,0,0,1,2,0,0
TXN0153,144187,Bank Transfer,Food,0,0,0,2,0,1
TXN0154,29680,Bank Transfer,Food,9,0,1,4,0,0
TXN0155,96112,Card,Travel,9,0,1,2,1,1
TXN0156,129690,UPI,Travel,12,1,1,2,1,1
TXN0157,24402,UPI,Grocery,9,0,0,4,0,0
TXN0158,109715,Card,Grocery,1,1,0,2,0,1
TXN0159,21798,Bank Transfer,Food,23,1,1,2,1,0
TXN0160,125828,Bank Transfer,Electronics,5,0,1,3,1,1
TXN0161,130697,UPI,Fuel,2,1,0,2,0,1
TXN0162,50798,Bank Transfer,Grocery,1,1,1,2,0,0
TXN0163,118687,UPI,Travel,18,1,0,2,0,1
TXN0164,20461,Bank Transfer,Electronics,19,1,0,1,1,0
TXN0165,16125,Card,Food,8,1,1,3,0,0
TXN0166,105057,Bank Transfer,Electronics,22,1,0,4,0,1
TXN0167,55433,Card,Fuel,21,0,1,5,1,1
TXN0168,117010,Card,Food,13,0,0,4,0,1
TXN0169,6491,Card,Travel,0,1,0,3,0,0
TXN0170,107573,UPI,Travel,1,1,1,5,1,1
TXN0171,21666,Card,Fuel,11,1,0,3,0,0
TXN0172,100622,Bank Transfer,Grocery,18,1,1,0,1,1
TXN0173,138235,UPI,Electronics,0,1,0,1,1,1
TXN0174,145327,Card,Electronics,8,1,0,3,0,1
TXN0175,96961,Card,Grocery,21,1,1,5,0,1
TXN0176,91633,Bank Transfer,Electronics,6,0,0,0,0,1
TXN0177,136425,Card,Fuel,10,0,1,3,0,1
TXN0178,130401,Card,Grocery,2,1,1,2,0,0
TXN0179,21773,Card,Shopping,20,0,0,0,1,0
TXN0180,89250,Bank Transfer,Grocery,7,0,1,0,1,1
TXN0181,27264,UPI,Food,9,0,0,5,0,0
TXN0182,79455,Bank Transfer,Electronics,15,0,0,1,1,1
TXN0183,110175,Card,Grocery,8,0,0,3,1,1
TXN0184,71275,Bank Transfer,Shopping,18,1,1,2,0,0
TXN0185,121345,UPI,Food,2,0,0,4,1,1
TXN0186,85494,Bank Transfer,Shopping,7,0,0,5,1,1
TXN0187,135587,Card,Shopping,14,1,1,1,1,1
TXN0188,27806,Card,Travel,21,0,1,0,0,0
TXN0189,98255,UPI,Fuel,19,1,1,3,0,1
TXN0190,71993,Bank Transfer,Electronics,6,0,1,2,0,0
TXN0191,110762,Bank Transfer,Food,6,0,1,3,1,1
TXN0192,131349,Bank Transfer,Travel,17,1,0,3,0,1
TXN0193,140700,UPI,Electronics,11,0,0,0,0,1
TXN0194,138127,Card,Grocery,14,1,1,3,1,1
TXN0195,50966,Card,Shopping,10,0,1,5,1,1
TXN0196,77640,Bank Transfer,Travel,14,1,0,1,0,1
TXN0197,27611,UPI,Grocery,15,0,1,4,0,0
TXN0198,13516,Bank Transfer,Electronics,8,1,1,4,0,0
TXN0199,73625,Card,Shopping,21,1,1,2,1,1
TXN0200,98806,UPI,Fuel,21,0,0,3,1,1
TXN0201,14167,UPI,Grocery,1,0,0,2,1,0
TXN0202,24156,Bank Transfer,Travel,23,1,1,3,0,0
TXN0203,128967,Card,Fuel,3,0,0,4,0,1
TXN0204,823,Card,Travel,16,0,1,5,1,0
TXN0205,107357,Bank Transfer,Grocery,2,1,1,5,0,1
TXN0206,119745,Card,Travel,9,1,1,5,1,1
TXN0207,89126,UPI,Food,22,1,0,3,1,1
TXN0208,106025,UPI,Electronics,11,1,1,5,1,1
TXN0209,141097,Bank Transfer,Grocery,17,0,0,1,0,1
TXN0210,99172,UPI,Travel,1,1,0,1,0,1
TXN0211,137626,Card,Electronics,6,0,1,2,1,1
TXN0212,108075,UPI,Fuel,15,0,0,0,0,1
TXN0213,43373,Card,Grocery,3,0,1,1,0,0
TXN0214,89836,Bank Transfer,Grocery,4,0,0,5,0,1
TXN0215,49098,UPI,Electronics,19,0,0,4,0,0
TXN0216,105190,Card,Food,23,1,1,0,1,1
TXN0217,84638,Bank Transfer,Grocery,2,1,1,2,1,1
TXN0218,33591,Card,Shopping,23,1,1,1,1,0
TXN0219,93421,Card,Shopping,12,0,0,1,1,1
TXN0220,93759,Bank Transfer,Grocery,9,0,0,4,1,1
TXN0221,16676,UPI,Food,2,0,0,4,1,0
TXN0222,109296,Card,Shopping,3,1,0,3,1,1
TXN0223,25272,UPI,Travel,1,1,1,2,0,0
TXN0224,19675,Card,Travel,12,1,0,1,1,0
TXN0225,143752,Card,Electronics,19,0,1,2,0,0
TXN0226,131022,Bank Transfer,Grocery,9,1,0,0,1,1
TXN0227,122160,Bank Transfer,Shopping,3,1,0,4,1,1
TXN0228,30731,UPI,Shopping,16,0,1,0,1,0
TXN0229,115267,Bank Transfer,Grocery,11,1,1,4,0,1
TXN0230,95679,Card,Shopping,1,1,1,3,1,1
TXN0231,70364,Bank Transfer,Fuel,7,0,0,1,0,1
TXN0232,139241,UPI,Fuel,0,0,1,5,0,1
TXN0233,124609,UPI,Food,11,1,1,1,1,1
TXN0234,85032,Bank Transfer,Travel,13,0,1,3,0,1
TXN0235,27941,Bank Transfer,Fuel,16,1,0,2,1,0
TXN0236,83432,UPI,Fuel,21,1,1,4,0,1
TXN0237,74298,UPI,Travel,9,1,0,1,1,1
TXN0238,44830,Bank Transfer,Food,17,0,0,4,0,0
TXN0239,148154,UPI,Grocery,16,0,0,3,0,1
TXN0240,13389,UPI,Electronics,1,0,1,1,1,0
TXN0241,99037,Card,Shopping,0,0,1,2,0,0
TXN0242,90562,Card,Shopping,10,0,1,0,0,0
TXN0243,107934,Card,Fuel,16,0,1,2,0,0
TXN0244,144105,UPI,Food,8,0,0,3,0,1
TXN0245,145211,UPI,Grocery,16,1,1,1,0,0
TXN0246,138535,UPI,Fuel,14,0,0,5,0,1
TXN0247,87559,Card,Electronics,19,0,1,4,1,1
TXN0248,24059,Card,Shopping,2,1,1,1,1,0
TXN0249,86130,UPI,Electronics,22,1,0,4,0,1
TXN0250,9563,Card,Shopping,9,1,0,5,0,0
TXN0251,22545,Bank Transfer,Travel,19,0,0,3,0,0
TXN0252,135009,Card,Grocery,10,1,1,2,1,1
TXN0253,75826,Bank Transfer,Fuel,9,0,0,4,1,1
TXN0254,82614,Bank Transfer,Fuel,21,1,1,3,0,1
TXN0255,97022,Bank Transfer,Travel,3,1,0,5,0,1
TXN0256,147313,Bank Transfer,Electronics,5,0,0,0,1,1
TXN0257,62202,UPI,Electronics,18,1,1,0,1,1
TXN0258,132110,Bank Transfer,Electronics,10,1,0,1,1,1
TXN0259,146177,Card,Grocery,9,1,0,4,1,1
TXN0260,56620,Bank Transfer,Electronics,21,0,0,0,1,1
TXN0261,41368,Card,Shopping,17,0,0,5,1,0
TXN0262,74734,Bank Transfer,Grocery,17,0,1,2,0,0
TXN0263,120925,Card,Grocery,21,1,0,3,0,1
TXN0264,13186,UPI,Travel,21,1,1,0,0,0
TXN0265,145918,UPI,Grocery,15,1,0,2,0,1
TXN0266,116292,Card,Food,6,0,1,0,1,1
TXN0267,101999,Bank Transfer,Travel,4,0,1,5,1,1
TXN0268,15612,Bank Transfer,Grocery,15,0,0,1,0,0
TXN0269,146832,Card,Fuel,16,0,1,4,1,1
TXN0270,91442,Bank Transfer,Travel,10,0,0,5,1,1
TXN0271,27903,Bank Transfer,Grocery,18,1,1,2,1,0
TXN0272,39631,UPI,Travel,16,0,0,4,0,0
TXN0273,128932,Card,Shopping,7,1,1,2,0,0
TXN0274,59862,Card,Shopping,8,1,1,4,0,1
TXN0275,119103,Bank Transfer,Travel,2,0,0,0,0,1
TXN0276,128453,Card,Electronics,20,1,0,0,0,1
TXN0277,121566,Bank Transfer,Fuel,9,1,1,1,0,0
TXN0278,90686,Card,Grocery,21,1,1,5,0,1
TXN0279,114328,UPI,Food,1,1,1,3,0,1
TXN0280,1297,UPI,Grocery,0,0,0,4,1,0
TXN0281,112824,UPI,Electronics,21,0,0,4,1,1
TXN0282,31063,UPI,Electronics,12,1,0,5,0,0
TXN0283,102113,Card,Food,11,0,1,5,0,1
TXN0284,35373,Bank Transfer,Electronics,1,1,1,5,0,0
TXN0285,121558,UPI,Fuel,18,1,0,4,0,1
TXN0286,103765,Bank Transfer,Food,12,0,1,0,1,1
TXN0287,142182,Bank Transfer,Food,23,1,0,4,1,1
TXN0288,19953,Card,Shopping,20,1,0,3,0,0
TXN0289,67782,Bank Transfer,Shopping,15,0,0,0,0,1
TXN0290,45102,Card,Shopping,18,0,1,3,0,0
TXN0291,112719,Card,Food,23,1,1,0,1,1
TXN0292,85779,Card,Food,4,1,1,4,0,1
TXN0293,51255,Bank Transfer,Travel,3,0,1,0,0,0
TXN0294,99465,Bank Transfer,Electronics,7,0,0,4,1,1
TXN0295,54295,Bank Transfer,Electronics,8,1,0,5,0,1
TXN0296,91683,UPI,Fuel,8,0,1,3,1,1
TXN0297,11784,Card,Food,10,1,1,0,1,0
TXN0298,30456,Bank Transfer,Food,6,0,1,4,0,0
TXN0299,20177,UPI,Fuel,3,0,1,3,1,0
TXN0300,61569,Card,Travel,22,0,0,1,1,1
TXN0301,52609,Bank Transfer,Grocery,18,0,0,4,1,1
TXN0302,21252,Card,Travel,1,0,1,4,1,0
TXN0303,61295,Bank Transfer,Grocery,8,1,1,3,1,1
TXN0304,117081,Card,Travel,17,0,0,4,1,1
TXN0305,73677,Card,Food,9,1,0,0,0,1
TXN0306,34889,UPI,Grocery,19,0,1,3,1,0
TXN0307,141242,UPI,Travel,3,0,1,1,1,1
TXN0308,25350,Bank Transfer,Food,21,0,1,4,0,0
TXN0309,128659,Card,Shopping,5,0,1,4,1,1
TXN0310,97294,UPI,Food,5,0,1,0,1,1
TXN0311,11187,Card,Fuel,8,1,1,5,0,0
TXN0312,102029,Card,Shopping,3,1,1,3,1,1
TXN0313,70381,Bank Transfer,Food,10,1,0,0,0,1
TXN0314,51520,UPI,Travel,3,0,0,2,1,1
TXN0315,78439,Bank Transfer,Travel,1,1,1,2,1,1
TXN0316,102517,Bank Transfer,Food,8,0,0,1,0,1
TXN0317,72706,Card,Grocery,10,1,1,5,1,1
TXN0318,18273,UPI,Shopping,2,1,1,4,0,0
TXN0319,51593,UPI,Grocery,23,1,1,4,1,1
TXN0320,85127,Bank Transfer,Food,9,1,1,5,1,1
TXN0321,63583,UPI,Fuel,15,0,1,4,1,1
TXN0322,55146,Card,Grocery,0,0,0,3,0,1
TXN0323,6271,Bank Transfer,Fuel,13,1,0,3,0,0
TXN0324,63984,Bank Transfer,Travel,4,0,0,5,1,1
TXN0325,33800,Bank Transfer,Food,20,0,1,0,0,0
TXN0326,54041,Card,Shopping,10,0,1,5,1,1
TXN0327,59877,UPI,Fuel,18,1,1,4,1,1
TXN0328,113657,Bank Transfer,Shopping,3,1,0,2,0,1
TXN0329,56206,UPI,Travel,12,0,0,0,0,1
TXN0330,116913,UPI,Fuel,14,0,1,4,1,1
TXN0331,34021,UPI,Food,20,1,1,4,0,0
TXN0332,46008,UPI,Fuel,11,1,0,2,1,0
TXN0333,37129,Bank Transfer,Electronics,16,0,0,0,0,0
TXN0334,131758,Bank Transfer,Food,14,0,0,0,1,1
TXN0335,11970,UPI,Shopping,9,1,0,5,1,0
TXN0336,129815,Card,Grocery,13,0,0,5,1,1
TXN0337,24669,Card,Food,17,1,1,3,0,0
TXN0338,80623,Bank Transfer,Travel,19,1,1,2,1,1
TXN0339,35906,UPI,Shopping,21,0,1,5,0,0
TXN0340,18942,Bank Transfer,Grocery,9,1,1,4,0,0
TXN0341,9777,Card,Grocery,14,1,1,2,1,0
TXN0342,106452,Bank Transfer,Grocery,19,0,1,3,0,1
TXN0343,92384,Bank Transfer,Grocery,21,0,0,3,0,1
TXN0344,120606,Card,Shopping,3,0,0,2,0,1
TXN0345,110363,Card,Grocery,10,1,1,3,0,1
TXN0346,144162,Card,Electronics,21,1,1,0,0,0
TXN0347,14303,Bank Transfer,Travel,20,0,1,2,0,0
TXN0348,109005,Card,Shopping,21,1,0,0,1,1
TXN0349,57345,UPI,Shopping,6,1,1,3,0,1
TXN0350,99772,UPI,Travel,4,1,1,0,1,1
TXN0351,133671,Bank Transfer,Grocery,8,0,1,3,0,1
TXN0352,80152,Bank Transfer,Food,18,1,1,3,1,1
TXN0353,10605,UPI,Food,11,0,1,2,0,0
TXN0354,83820,Bank Transfer,Travel,0,1,0,5,0,1
TXN0355,33009,Card,Travel,13,1,0,5,1,0
TXN0356,45375,Card,Electronics,4,1,0,2,0,0
TXN0357,129596,Card,Shopping,15,0,1,4,0,1
TXN0358,129049,UPI,Travel,17,0,1,4,1,1
TXN0359,77003,Bank Transfer,Travel,14,0,1,0,0,0
TXN0360,45790,UPI,Shopping,18,1,0,0,1,0
TXN0361,20675,Card,Electronics,21,1,0,1,1,0
TXN0362,136574,Bank Transfer,Electronics,23,0,0,4,1,1
TXN0363,81920,UPI,Fuel,4,0,1,0,1,1
TXN0364,39152,Card,Electronics,21,0,0,5,1,0
TXN0365,120031,Card,Electronics,0,1,0,5,0,1
TXN0366,112263,Bank Transfer,Grocery,16,0,0,4,1,1
TXN0367,73626,Card,Fuel,9,1,0,5,1,1
TXN0368,138374,Bank Transfer,Grocery,17,0,1,4,1,1
TXN0369,144731,UPI,Grocery,12,1,0,3,1,1
TXN0370,97525,Bank Transfer,Shopping,4,0,1,4,1,1
TXN0371,64810,Bank Transfer,Shopping,7,0,0,2,1,1
TXN0372,21845,UPI,Travel,3,1,1,2,1,0
TXN0373,116258,UPI,Fuel,23,1,1,1,1,1
TXN0374,72307,Bank Transfer,Grocery,19,1,0,1,0,1
TXN0375,18337,Bank Transfer,Grocery,20,0,1,5,0,0
TXN0376,137400,Bank Transfer,Fuel,20,0,0,3,0,1
TXN0377,84808,Bank Transfer,Food,13,1,0,4,1,1
TXN0378,132343,Bank Transfer,Travel,12,1,0,5,0,1
TXN0379,93122,Bank Transfer,Shopping,2,1,0,3,1,1
TXN0380,102570,Bank Transfer,Fuel,6,0,0,3,0,1
TXN0381,123824,Bank Transfer,Food,19,0,1,2,0,0
TXN0382,85174,Card,Food,9,0,0,2,1,1
TXN0383,29439,UPI,Shopping,1,0,0,4,1,0
TXN0384,86039,UPI,Food,9,0,0,0,1,1
TXN0385,3231,UPI,Fuel,21,0,0,3,0,0
TXN0386,53363,Bank Transfer,Food,18,1,0,0,0,1
TXN0387,79024,UPI,Grocery,3,1,0,3,1,1
TXN0388,114548,UPI,Travel,10,0,1,0,1,1
TXN0389,12248,Bank Transfer,Travel,20,1,1,3,1,0
TXN0390,48523,Bank Transfer,Shopping,6,0,1,1,1,0
TXN0391,34591,UPI,Food,21,0,0,1,0,0
TXN0392,136997,Card,Travel,1,1,0,1,0,1
TXN0393,122459,Card,Food,14,1,1,2,0,0
TXN0394,29440,UPI,Travel,10,1,1,5,1,0
TXN0395,57121,Card,Travel,20,1,0,2,1,1
TXN0396,60091,Card,Fuel,0,1,1,1,0,0
TXN0397,90777,UPI,Travel,15,1,1,1,0,0
TXN0398,66697,UPI,Travel,16,1,1,3,0,1
TXN0399,44790,Card,Travel,19,0,0,0,1,0
TXN0400,61904,UPI,Travel,23,0,1,2,1,1
TXN0401,63890,Bank Transfer,Fuel,7,0,0,3,1,1
TXN0402,126863,Bank Transfer,Travel,19,0,0,4,0,1
TXN0403,11788,Card,Fuel,6,0,1,4,0,0
TXN0404,65836,Card,Electronics,14,0,0,1,1,1
TXN0405,34965,Card,Shopping,5,0,1,3,1,0
TXN0406,119496,Bank Transfer,Travel,11,0,0,0,1,1
TXN0407,6112,UPI,Food,17,0,1,4,0,0
TXN0408,139347,Card,Grocery,5,0,1,2,1,1
TXN0409,96248,UPI,Grocery,7,1,0,1,1,1
TXN0410,102726,UPI,Fuel,15,0,0,1,0,1
TXN0411,68170,Card,Travel,3,0,1,0,1,1
TXN0412,65699,Bank Transfer,Electronics,21,0,1,2,1,1
TXN0413,139230,Bank Transfer,Shopping,6,0,1,2,0,0
TXN0414,40487,Card,Electronics,8,0,0,2,1,0
TXN0415,52887,Bank Transfer,Travel,10,0,1,2,1,1
TXN0416,77129,Bank Transfer,Electronics,18,0,0,5,1,1
TXN0417,115576,Bank Transfer,Shopping,22,0,1,5,0,1
TXN0418,75706,Card,Grocery,4,0,1,3,1,1
TXN0419,16904,Bank Transfer,Shopping,4,1,0,3,1,0
TXN0420,71128,Card,Travel,16,1,1,4,1,1
TXN0421,111850,Card,Electronics,8,1,1,0,0,0
TXN0422,114177,Card,Fuel,13,0,0,1,0,1
TXN0423,134518,Card,Grocery,15,1,0,0,1,1
TXN0424,20049,Bank Transfer,Grocery,0,0,0,4,1,0
TXN0425,85589,Bank Transfer,Electronics,16,1,1,1,1,1
TXN0426,145497,Bank Transfer,Shopping,17,1,0,4,0,1
TXN0427,141149,UPI,Shopping,0,1,0,1,0,1
TXN0428,62678,Card,Electronics,20,0,1,4,0,1
TXN0429,102918,Card,Travel,4,0,1,1,0,0
TXN0430,26169,Bank Transfer,Grocery,20,0,0,3,0,0
TXN0431,134829,UPI,Fuel,23,0,1,0,1,1
TXN0432,95521,Bank Transfer,Fuel,15,0,0,0,0,1
TXN0433,35476,Bank Transfer,Grocery,1,1,0,3,1,0
TXN0434,36801,UPI,Electronics,5,0,1,4,0,0
TXN0435,134315,Card,Electronics,10,0,0,2,0,1
TXN0436,80101,UPI,Shopping,6,1,1,4,0,1
TXN0437,134971,Card,Grocery,7,0,1,5,1,1
TXN0438,108072,UPI,Food,7,0,1,4,1,1
TXN0439,5629,UPI,Food,18,0,0,5,0,0
TXN0440,140698,Card,Travel,8,1,1,0,0,0
TXN0441,143023,UPI,Food,3,0,1,5,1,1
TXN0442,100252,Bank Transfer,Shopping,9,0,1,1,0,0
TXN0443,86590,Card,Electronics,20,1,0,4,0,1
TXN0444,36763,Bank Transfer,Grocery,20,0,0,2,1,0
TXN0445,149517,Card,Travel,10,1,1,1,0,0
TXN0446,145016,UPI,Fuel,16,0,0,3,1,1
TXN0447,30538,UPI,Food,21,1,0,4,0,0
TXN0448,30913,Bank Transfer,Travel,20,0,0,4,1,0
TXN0449,60812,Card,Travel,18,1,0,1,1,1
TXN0450,9272,Card,Travel,3,0,0,0,1,0
TXN0451,81808,Bank Transfer,Electronics,5,0,1,0,0,0
TXN0452,76202,Bank Transfer,Electronics,0,0,0,2,0,1
TXN0453,136067,Bank Transfer,Travel,20,0,0,3,1,1
TXN0454,66458,Card,Fuel,6,0,0,1,1,1
TXN0455,70509,Card,Electronics,9,1,0,5,1,1
TXN0456,144688,UPI,Shopping,19,0,1,5,1,1
TXN0457,24370,Card,Electronics,4,0,1,2,0,0
TXN0458,48083,UPI,Shopping,0,0,0,5,1,0
TXN0459,38429,UPI,Travel,2,1,0,4,1,0
TXN0460,64469,Bank Transfer,Fuel,0,0,1,2,1,1
TXN0461,48364,Bank Transfer,Food,9,1,0,4,1,0
TXN0462,42408,UPI,Fuel,0,0,1,3,1,0
TXN0463,27220,UPI,Travel,1,0,1,2,0,0
TXN0464,103836,Card,Food,20,0,0,2,1,1
TXN0465,139130,UPI,Travel,10,1,1,4,0,1
TXN0466,85144,Bank Transfer,Food,16,1,0,2,0,1
TXN0467,43101,Card,Shopping,11,1,1,1,1,0
TXN0468,105800,Bank Transfer,Electronics,9,0,1,5,0,1
TXN0469,15346,Card,Fuel,23,0,0,0,0,0
TXN0470,132884,Bank Transfer,Food,13,1,1,4,0,1
TXN0471,141439,UPI,Shopping,6,1,1,0,0,0
TXN0472,123717,Bank Transfer,Travel,18,0,0,4,1,1
TXN0473,115207,Bank Transfer,Food,7,0,0,2,0,1
TXN0474,127900,Bank Transfer,Shopping,23,0,0,1,1,1
TXN0475,62428,Bank Transfer,Shopping,12,0,0,4,0,1
TXN0476,125661,Card,Shopping,13,1,0,3,0,1
TXN0477,81755,Bank Transfer,Fuel,14,1,1,2,1,1
TXN0478,58660,UPI,Food,20,0,0,0,0,1
TXN0479,124191,Card,Food,11,1,0,2,0,1
TXN0480,113216,Bank Transfer,Food,23,0,0,1,0,1
TXN0481,18320,Card,Travel,21,0,1,3,0,0
TXN0482,121023,Bank Transfer,Fuel,8,1,1,0,1,1
TXN0483,146689,UPI,Grocery,3,1,1,2,1,1
TXN0484,8589,Card,Fuel,4,1,0,1,0,0
TXN0485,15124,Card,Electronics,16,0,0,3,1,0
TXN0486,32701,Bank Transfer,Grocery,8,0,0,3,0,0
TXN0487,66791,Bank Transfer,Food,3,0,0,2,0,1
TXN0488,51049,Bank Transfer,Grocery,19,0,0,3,1,1
TXN0489,79130,Bank Transfer,Travel,13,1,1,3,1,1
TXN0490,13632,UPI,Electronics,23,0,0,3,1,0
TXN0491,63915,Bank Transfer,Electronics,17,0,1,1,0,0
TXN0492,68710,UPI,Shopping,6,1,1,1,1,1
TXN0493,107940,Bank Transfer,Grocery,5,0,0,3,0,1
TXN0494,88059,UPI,Food,3,0,1,2,0,0
TXN0495,101136,Card,Travel,3,0,1,5,0,1
TXN0496,31821,Bank Transfer,Electronics,21,0,1,1,1,0
TXN0497,71696,UPI,Shopping,19,1,1,2,0,0
TXN0498,120505,Card,Food,14,0,0,0,1,1
TXN0499,104945,Card,Food,14,1,0,2,1,1
TXN0500,104194,Card,Fuel,11,1,1,5,0,1
TXN0501,144609,Bank Transfer,Grocery,19,1,0,4,1,1
TXN0502,141743,Bank Transfer,Grocery,14,1,0,4,1,1
TXN0503,42273,Card,Shopping,10,1,1,0,1,0
TXN0504,71083,Bank Transfer,Shopping,8,0,0,2,0,1
TXN0505,100970,UPI,Electronics,6,1,1,3,0,1
TXN0506,129883,Bank Transfer,Fuel,13,0,1,2,1,1
TXN0507,27393,Card,Shopping,12,0,0,2,0,0
TXN0508,80895,Card,Food,14,1,1,4,0,1
TXN0509,83801,Bank Transfer,Grocery,1,0,1,0,0,0
TXN0510,22605,Bank Transfer,Electronics,5,1,0,3,0,0
TXN0511,139546,Card,Travel,7,0,0,3,1,1
TXN0512,104209,Bank Transfer,Food,16,1,0,0,1,1
TXN0513,26143,Bank Transfer,Electronics,4,0,1,5,0,0
TXN0514,93783,Card,Travel,23,1,0,3,1,1
TXN0515,67588,Bank Transfer,Grocery,10,1,0,5,1,1
TXN0516,12236,Card,Electronics,15,1,0,0,0,0
TXN0517,133299,Bank Transfer,Food,0,0,0,1,0,1
TXN0518,122276,Bank Transfer,Food,9,1,1,0,0,0
TXN0519,30818,Bank Transfer,Food,15,0,1,1,1,0
TXN0520,57471,UPI,Electronics,2,0,0,5,1,1
TXN0521,40694,Card,Travel,9,0,0,1,1,0
TXN0522,22425,UPI,Electronics,0,0,1,3,1,0
TXN0523,71597,Card,Electronics,17,0,0,3,0,1
TXN0524,66107,Bank Transfer,Fuel,9,0,0,1,1,1
TXN0525,85084,Bank Transfer,Shopping,1,0,1,0,0,0
TXN0526,26405,Bank Transfer,Grocery,22,0,1,1,1,0
TXN0527,48303,UPI,Electronics,21,1,1,0,1,0
TXN0528,108802,UPI,Fuel,22,0,1,1,1,1
TXN0529,56041,Bank Transfer,Food,12,0,1,5,1,1
TXN0530,97749,UPI,Travel,16,0,1,2,1,1
TXN0531,80241,Bank Transfer,Food,0,1,1,4,0,1
TXN0532,113167,Bank Transfer,Food,5,0,1,0,0,0
TXN0533,103611,Bank Transfer,Fuel,1,0,1,1,0,0
TXN0534,51809,UPI,Electronics,10,1,1,2,0,0
TXN0535,40696,UPI,Grocery,20,1,0,2,0,0
TXN0536,20178,Card,Shopping,14,1,1,5,1,0
TXN0537,27270,Bank Transfer,Travel,14,0,0,0,0,0
TXN0538,11713,Bank Transfer,Shopping,7,0,0,3,0,0
TXN0539,119062,UPI,Travel,0,1,1,2,1,1
TXN0540,120835,Bank Transfer,Shopping,10,1,1,2,1,1
TXN0541,83546,UPI,Travel,12,0,0,4,1,1
TXN0542,68487,UPI,Fuel,15,0,1,1,1,1
TXN0543,83084,Card,Travel,21,1,1,4,1,1
TXN0544,54212,Bank Transfer,Travel,3,0,0,2,1,1
TXN0545,32462,Card,Shopping,7,1,0,0,0,0
TXN0546,14447,UPI,Travel,20,0,0,4,0,0
TXN0547,78401,Bank Transfer,Grocery,4,1,0,0,0,1
TXN0548,146568,Card,Travel,12,0,1,1,1,1
TXN0549,33801,Bank Transfer,Shopping,21,1,1,4,0,0
TXN0550,140631,Card,Fuel,8,1,0,0,0,1
TXN0551,83762,Bank Transfer,Travel,21,0,0,2,0,1
TXN0552,38348,Bank Transfer,Shopping,11,0,1,3,0,0
TXN0553,127307,UPI,Shopping,19,1,0,0,1,1
TXN0554,123363,Bank Transfer,Food,13,1,0,0,1,1
TXN0555,38933,Bank Transfer,Fuel,13,1,1,1,0,0
TXN0556,28452,Card,Fuel,9,1,1,5,0,0
TXN0557,96592,Card,Shopping,16,1,1,5,1,1
TXN0558,82709,UPI,Fuel,19,0,0,2,0,1
TXN0559,131246,UPI,Grocery,11,1,1,1,0,0
TXN0560,145263,Bank Transfer,Electronics,15,1,0,0,0,1
TXN0561,38691,Bank Transfer,Travel,4,0,1,1,1,0
TXN0562,100542,Bank Transfer,Shopping,2,1,0,5,1,1
TXN0563,1083,Bank Transfer,Electronics,14,0,1,0,1,0
TXN0564,112365,Bank Transfer,Travel,23,0,1,0,1,1
TXN0565,128566,Card,Electronics,19,1,1,4,1,1
TXN0566,107207,Bank Transfer,Grocery,19,1,1,0,0,0
TXN0567,65092,Bank Transfer,Shopping,23,1,0,3,0,1
TXN0568,86203,UPI,Fuel,11,1,1,4,0,1
TXN0569,133674,Card,Travel,2,1,1,2,1,1
TXN0570,134248,UPI,Travel,17,1,1,4,1,1
TXN0571,2930,UPI,Electronics,15,0,1,5,0,0
TXN0572,53082,Card,Fuel,14,0,1,5,1,1
TXN0573,42790,Bank Transfer,Electronics,12,1,1,3,1,0
TXN0574,47494,Card,Travel,23,0,0,2,1,0
TXN0575,123456,Bank Transfer,Fuel,19,0,1,2,1,1
TXN0576,144104,Card,Fuel,19,0,0,4,0,1
TXN0577,26452,Card,Shopping,2,1,1,0,0,0
TXN0578,4062,Card,Food,1,0,0,0,1,0
TXN0579,10507,Bank Transfer,Fuel,12,0,0,2,1,0
TXN0580,119249,Card,Food,16,0,1,3,1,1
TXN0581,75294,UPI,Shopping,23,1,1,3,0,1
TXN0582,27496,Card,Fuel,20,0,0,4,1,0
TXN0583,96876,Card,Travel,7,0,0,4,1,1
TXN0584,28582,Bank Transfer,Fuel,21,0,1,3,0,0
TXN0585,115936,UPI,Grocery,0,1,1,4,1,1
TXN0586,85824,Bank Transfer,Electronics,21,0,1,1,0,0
TXN0587,124055,Card,Shopping,6,0,1,5,1,1
TXN0588,50327,Bank Transfer,Grocery,18,0,1,1,0,0
TXN0589,93004,Bank Transfer,Electronics,5,0,0,3,0,1
TXN0590,135681,Card,Grocery,15,1,0,5,0,1
TXN0591,98687,UPI,Grocery,2,0,0,0,0,1
TXN0592,76283,UPI,Travel,9,1,1,1,0,0
TXN0593,30758,UPI,Fuel,4,0,1,5,0,0
TXN0594,71355,UPI,Food,16,0,0,1,0,1
TXN0595,76493,UPI,Food,13,1,0,5,1,1
TXN0596,26393,Card,Food,18,1,1,3,1,0
TXN0597,71610,UPI,Travel,6,0,1,5,1,1
TXN0598,34120,Card,Food,3,1,0,3,0,0
TXN0599,5572,UPI,Grocery,3,1,0,5,0,0
TXN0600,16925,Card,Food,6,1,1,5,0,0
TXN0601,10277,Card,Travel,17,0,1,0,0,0
TXN0602,49821,Bank Transfer,Fuel,15,0,0,3,0,0
TXN0603,46825,UPI,Grocery,20,1,1,0,1,0
TXN0604,89965,UPI,Grocery,4,1,0,1,1,1
TXN0605,147640,Card,Food,6,0,1,3,1,1
TXN0606,16461,UPI,Electronics,3,1,1,4,1,0
TXN0607,64276,Bank Transfer,Food,22,1,0,4,0,1
TXN0608,122385,UPI,Travel,1,1,1,2,0,0
TXN0609,118592,Bank Transfer,Food,19,0,1,0,0,0
TXN0610,110033,Bank Transfer,Travel,15,0,1,2,0,0
TXN0611,102975,UPI,Grocery,7,0,1,5,0,1
TXN0612,134574,UPI,Grocery,18,1,1,0,0,0
TXN0613,23356,Bank Transfer,Electronics,5,1,0,1,1,0
TXN0614,87077,Bank Transfer,Electronics,10,1,0,5,0,1
TXN0615,123684,Bank Transfer,Fuel,9,1,1,5,0,1
TXN0616,2363,Bank Transfer,Electronics,4,1,1,0,0,0
TXN0617,29445,Card,Food,14,1,1,3,0,0
TXN0618,100049,Card,Shopping,13,0,1,0,0,0
TXN0619,58671,Card,Fuel,9,0,1,5,0,1
TXN0620,120905,UPI,Food,18,0,1,1,1,1
TXN0621,77550,UPI,Grocery,7,0,1,1,0,0
TXN0622,118776,Bank Transfer,Food,19,1,1,1,0,0
TXN0623,122823,Bank Transfer,Electronics,14,1,0,0,1,1
TXN0624,115652,UPI,Shopping,1,1,1,1,1,1
TXN0625,75863,Card,Travel,6,1,1,0,1,1
TXN0626,42117,Bank Transfer,Electronics,10,0,1,3,0,0
TXN0627,106949,Bank Transfer,Grocery,17,0,1,0,1,1
TXN0628,98115,Card,Fuel,18,0,1,4,1,1
TXN0629,16329,Bank Transfer,Grocery,6,0,1,3,1,0
TXN0630,8838,Card,Shopping,21,1,0,5,0,0
TXN0631,6941,UPI,Grocery,4,1,1,1,0,0
TXN0632,5864,UPI,Shopping,2,1,1,2,0,0
TXN0633,60412,Card,Travel,15,0,0,5,0,1
TXN0634,24880,Card,Shopping,0,1,1,1,1,0
TXN0635,135269,UPI,Travel,15,0,1,1,0,0
TXN0636,94472,Bank Transfer,Travel,22,1,0,4,0,1
TXN0637,83248,UPI,Food,23,1,0,1,0,1
TXN0638,12429,Bank Transfer,Food,18,1,1,5,1,0
TXN0639,122262,Card,Electronics,13,1,1,3,1,1
TXN0640,121217,UPI,Travel,12,1,0,2,0,1
TXN0641,13086,Bank Transfer,Grocery,7,1,1,5,0,0
TXN0642,40684,UPI,Shopping,1,0,0,4,1,0
TXN0643,114155,Card,Food,8,1,1,4,1,1
TXN0644,63028,Bank Transfer,Electronics,16,0,1,0,0,0
TXN0645,142298,Card,Grocery,14,1,1,4,1,1
TXN0646,83842,Card,Food,23,0,1,4,0,1
TXN0647,124205,UPI,Food,18,1,1,0,1,1
TXN0648,107055,Card,Electronics,2,0,1,3,1,1
TXN0649,112255,UPI,Food,19,0,1,2,1,1
TXN0650,63563,Bank Transfer,Electronics,20,0,0,4,1,1
TXN0651,17406,Card,Travel,11,0,0,5,1,0
TXN0652,2311,Bank Transfer,Travel,22,0,0,4,1,0
TXN0653,17781,Bank Transfer,Food,18,1,1,1,1,0
TXN0654,15419,UPI,Food,15,1,1,5,0,0
TXN0655,125658,UPI,Food,7,1,0,4,0,1
TXN0656,106934,Card,Travel,13,1,0,1,0,1
TXN0657,67062,Bank Transfer,Electronics,14,1,1,5,1,1
TXN0658,86475,Card,Food,15,1,0,4,1,1
TXN0659,12424,Card,Travel,6,1,1,0,1,0
TXN0660,123758,Card,Electronics,23,0,1,3,0,1
TXN0661,68763,Bank Transfer,Food,11,0,1,4,1,1
TXN0662,28722,UPI,Food,9,1,0,5,0,0
TXN0663,137477,Bank Transfer,Travel,4,0,1,2,1,1
TXN0664,93215,UPI,Shopping,2,0,1,3,0,1
TXN0665,41795,Card,Travel,2,0,1,2,0,0
TXN0666,24156,Card,Fuel,17,1,0,1,1,0
TXN0667,60430,Bank Transfer,Food,22,0,1,5,1,1
TXN0668,36004,UPI,Electronics,8,1,0,3,1,0
TXN0669,59279,UPI,Food,17,1,1,5,1,1
TXN0670,37212,UPI,Electronics,14,0,0,1,0,0
TXN0671,129197,Bank Transfer,Grocery,14,0,0,2,0,1
TXN0672,65409,Bank Transfer,Electronics,8,0,1,2,0,0
TXN0673,73363,Bank Transfer,Travel,8,1,1,0,0,0
TXN0674,111669,UPI,Electronics,7,0,0,4,0,1
TXN0675,87160,Bank Transfer,Shopping,3,1,1,3,1,1
TXN0676,32182,Card,Electronics,13,0,1,4,0,0
TXN0677,126599,Card,Travel,12,0,0,4,1,1
TXN0678,60463,UPI,Shopping,9,1,0,1,0,1
TXN0679,25371,UPI,Shopping,20,0,0,1,1,0
TXN0680,26003,Bank Transfer,Shopping,14,0,1,5,0,0
TXN0681,97034,UPI,Travel,18,1,1,0,0,0
TXN0682,4170,UPI,Food,5,0,0,0,0,0
TXN0683,53476,UPI,Food,22,0,0,4,1,1
TXN0684,95552,Card,Electronics,3,0,0,5,0,1
TXN0685,132500,Card,Grocery,16,0,1,5,0,1
TXN0686,43227,UPI,Food,11,1,1,5,1,0
TXN0687,136389,Card,Fuel,3,1,1,0,1,1
TXN0688,53987,UPI,Food,17,0,0,0,0,1
TXN0689,93539,Card,Travel,2,0,1,4,1,1
TXN0690,43729,UPI,Food,4,1,0,4,0,0
TXN0691,145016,Card,Fuel,11,0,1,4,0,1
TXN0692,33345,Card,Travel,1,0,1,3,0,0
TXN0693,142441,Bank Transfer,Electronics,2,0,0,4,0,1
TXN0694,51339,Bank Transfer,Food,0,0,0,2,1,1
TXN0695,6520,Bank Transfer,Grocery,17,1,1,3,1,0
TXN0696,13188,Card,Electronics,3,0,1,5,1,0
TXN0697,5816,UPI,Travel,22,0,1,3,0,0
TXN0698,114236,UPI,Food,9,1,1,3,0,1
TXN0699,33569,UPI,Shopping,18,1,1,3,1,0
TXN0700,9283,UPI,Shopping,2,1,1,3,1,0
TXN0701,61437,Bank Transfer,Fuel,21,0,0,1,1,1
TXN0702,52370,Bank Transfer,Shopping,7,0,0,5,0,1
TXN0703,1477,Card,Travel,5,1,0,1,1,0
TXN0704,19255,Card,Shopping,8,0,1,5,1,0
TXN0705,55936,Card,Shopping,8,1,0,3,0,1
TXN0706,138472,Card,Grocery,10,0,0,1,0,1
TXN0707,111733,UPI,Grocery,7,0,0,0,1,1
TXN0708,138705,Card,Food,16,0,1,1,1,1
TXN0709,20229,Card,Food,5,1,0,3,0,0
TXN0710,55901,Card,Food,0,1,0,0,1,1
TXN0711,42135,Card,Food,10,0,1,2,0,0
TXN0712,6343,Card,Shopping,6,1,0,0,0,0
TXN0713,22246,Card,Food,4,0,0,5,0,0
TXN0714,119759,Card,Food,15,1,0,5,0,1
TXN0715,105324,Card,Grocery,7,1,1,2,0,0
TXN0716,53972,Bank Transfer,Shopping,7,0,0,0,1,1
TXN0717,24564,Bank Transfer,Electronics,5,1,1,5,0,0
TXN0718,67553,UPI,Travel,8,0,1,2,0,0
TXN0719,28136,Card,Fuel,17,0,0,5,1,0
TXN0720,19960,Bank Transfer,Fuel,2,0,0,5,1,0
TXN0721,69718,UPI,Travel,14,1,1,3,1,1
TXN0722,70097,Card,Electronics,16,1,1,1,0,0
TXN0723,9592,Card,Electronics,9,0,0,1,0,0
TXN0724,48943,Bank Transfer,Travel,5,0,1,3,1,0
TXN0725,61962,Bank Transfer,Food,16,1,1,5,1,1
TXN0726,103100,Bank Transfer,Travel,2,0,1,1,0,0
TXN0727,90128,Card,Electronics,19,1,1,1,0,0
TXN0728,128391,Card,Fuel,5,0,0,4,1,1
TXN0729,119933,Card,Food,0,0,1,4,1,1
TXN0730,20956,UPI,Travel,6,1,1,5,1,0
TXN0731,49268,Bank Transfer,Grocery,1,1,1,0,0,0
TXN0732,55056,Card,Electronics,22,0,0,1,0,1
TXN0733,48484,UPI,Shopping,21,0,0,3,0,0
TXN0734,12658,Card,Grocery,5,1,1,2,0,0
TXN0735,16432,Bank Transfer,Food,14,1,0,1,0,0
TXN0736,70845,UPI,Food,13,0,1,4,1,1
TXN0737,97943,Bank Transfer,Grocery,19,0,0,2,0,1
TXN0738,89091,Bank Transfer,Food,14,1,0,3,1,1
TXN0739,15502,Card,Electronics,22,1,0,0,1,0
TXN0740,123765,Card,Shopping,23,0,0,0,1,1
TXN0741,31153,Card,Fuel,12,0,0,3,1,0
TXN0742,99717,Card,Travel,23,1,0,3,0,1
TXN0743,66394,UPI,Electronics,1,0,1,5,1,1
TXN0744,59855,Bank Transfer,Electronics,3,1,1,3,1,1
TXN0745,121502,Bank Transfer,Shopping,20,0,0,1,0,1
TXN0746,51582,Bank Transfer,Travel,3,1,0,4,1,1
TXN0747,144359,Card,Travel,2,0,1,2,0,0
TXN0748,36546,Bank Transfer,Travel,12,0,1,0,1,0
TXN0749,143489,UPI,Shopping,2,0,0,4,0,1
TXN0750,68324,UPI,Food,11,1,1,0,1,1
TXN0751,48017,Card,Food,13,1,1,0,0,0
TXN0752,43844,UPI,Travel,19,0,1,1,1,0
TXN0753,31513,Bank Transfer,Electronics,1,0,1,0,1,0
TXN0754,13339,Card,Electronics,15,0,0,2,1,0
TXN0755,56654,Card,Grocery,6,1,0,4,0,1
TXN0756,66666,Card,Grocery,20,0,1,2,1,1
TXN0757,111992,UPI,Electronics,14,0,1,1,1,1
TXN0758,43638,UPI,Shopping,6,1,1,5,0,0
TXN0759,26711,Card,Travel,16,1,0,1,1,0
TXN0760,82062,UPI,Electronics,22,0,0,3,0,1
TXN0761,40335,Card,Electronics,23,0,1,3,1,0
TXN0762,44191,UPI,Grocery,14,1,0,1,0,0
TXN0763,39949,Bank Transfer,Electronics,18,1,0,5,0,0
TXN0764,24657,Card,Electronics,19,0,1,3,0,0
TXN0765,28938,UPI,Food,10,1,0,0,1,0
TXN0766,91277,UPI,Grocery,21,0,0,1,0,1
TXN0767,106495,UPI,Food,0,0,1,5,0,1
TXN0768,56071,UPI,Fuel,15,1,1,0,0,0
TXN0769,103781,UPI,Grocery,12,1,1,5,1,1
TXN0770,69567,UPI,Electronics,13,0,0,3,1,1
TXN0771,111796,Bank Transfer,Grocery,13,1,1,3,1,1
TXN0772,70602,Card,Shopping,22,0,1,3,0,1
TXN0773,93218,UPI,Fuel,10,0,1,1,0,0
TXN0774,18064,Bank Transfer,Electronics,3,0,1,1,1,0
TXN0775,137947,Card,Grocery,6,0,0,2,1,1
TXN0776,61340,Card,Grocery,18,1,1,4,1,1
TXN0777,4850,UPI,Travel,3,1,1,1,1,0
TXN0778,71607,Bank Transfer,Electronics,5,0,0,5,1,1
TXN0779,113476,Bank Transfer,Fuel,5,1,1,4,1,1
TXN0780,49316,Bank Transfer,Shopping,5,0,1,5,0,0
TXN0781,146664,Bank Transfer,Travel,23,0,0,2,0,1
TXN0782,73945,UPI,Electronics,5,0,0,1,1,1
TXN0783,20620,UPI,Shopping,13,0,1,5,0,0
TXN0784,57908,UPI,Shopping,1,0,1,4,1,1
TXN0785,108373,Bank Transfer,Food,15,1,1,1,1,1
TXN0786,57206,Bank Transfer,Shopping,4,0,0,4,0,1
TXN0787,125410,Card,Fuel,4,0,0,1,0,1
TXN0788,113225,Bank Transfer,Grocery,10,1,0,0,1,1
TXN0789,49657,Card,Travel,23,0,0,1,1,0
TXN0790,27006,Bank Transfer,Food,9,1,0,5,0,0
TXN0791,10963,UPI,Fuel,17,0,1,2,0,0
TXN0792,141208,UPI,Fuel,0,0,0,5,1,1
TXN0793,78975,UPI,Shopping,0,0,1,4,1,1
TXN0794,116232,UPI,Electronics,20,1,1,2,0,0
TXN0795,74891,UPI,Travel,15,1,0,2,1,1
TXN0796,10222,Bank Transfer,Fuel,0,1,0,4,1,0
TXN0797,84637,Bank Transfer,Grocery,7,1,1,1,1,1
TXN0798,124205,Card,Fuel,9,1,0,4,1,1
TXN0799,14139,Bank Transfer,Shopping,20,1,0,2,1,0
TXN0800,110988,UPI,Food,11,0,1,1,1,1
TXN0801,65262,UPI,Shopping,12,1,0,3,1,1
TXN0802,15431,UPI,Grocery,19,0,0,0,1,0
TXN0803,5894,UPI,Electronics,4,1,0,1,1,0
TXN0804,140357,Card,Travel,22,0,1,2,0,0
TXN0805,93966,Card,Fuel,5,1,0,1,1,1
TXN0806,49144,Card,Grocery,7,0,1,4,0,0
TXN0807,110764,UPI,Grocery,7,1,1,4,0,1
TXN0808,73034,UPI,Food,5,0,0,5,0,1
TXN0809,13110,UPI,Shopping,1,0,0,5,0,0
TXN0810,44731,Bank Transfer,Electronics,23,0,0,0,0,0
TXN0811,105295,Bank Transfer,Food,15,1,0,5,1,1
TXN0812,56997,Card,Electronics,15,1,1,1,0,0
TXN0813,20228,UPI,Electronics,21,1,1,2,1,0
TXN0814,131323,UPI,Electronics,12,1,0,4,1,1
TXN0815,100755,UPI,Fuel,3,1,0,5,0,1
TXN0816,71417,Bank Transfer,Grocery,23,1,0,0,0,1
TXN0817,134137,UPI,Food,11,1,1,0,1,1
TXN0818,31404,Card,Electronics,11,1,1,2,1,0
TXN0819,108288,UPI,Electronics,6,1,1,4,1,1
TXN0820,63361,Card,Food,11,1,1,0,0,0
TXN0821,24365,Bank Transfer,Electronics,10,0,1,3,1,0
TXN0822,142745,Card,Shopping,4,1,0,2,0,1
TXN0823,73665,Card,Food,5,1,0,1,0,1
TXN0824,36017,UPI,Shopping,1,1,1,2,0,0
TXN0825,73440,Card,Grocery,22,0,0,2,1,1
TXN0826,102638,UPI,Travel,21,0,1,1,0,0
TXN0827,72311,Card,Grocery,5,0,0,2,1,1
TXN0828,89221,UPI,Grocery,7,0,1,0,0,0
TXN0829,147836,Bank Transfer,Grocery,14,0,1,1,0,0
TXN0830,83157,UPI,Grocery,15,1,1,5,1,1
TXN0831,113396,Card,Food,10,1,1,4,1,1
TXN0832,41862,Bank Transfer,Shopping,23,0,0,1,1,0
TXN0833,125021,Card,Travel,12,1,1,3,1,1
TXN0834,58322,Card,Grocery,6,1,1,5,0,1
TXN0835,127863,UPI,Fuel,22,0,0,2,1,1
TXN0836,98367,Bank Transfer,Travel,22,1,1,2,0,0
TXN0837,122319,UPI,Shopping,2,0,0,3,0,1
TXN0838,112759,Bank Transfer,Travel,15,0,1,2,1,1
TXN0839,74526,UPI,Travel,19,1,1,2,1,1
TXN0840,79886,Bank Transfer,Shopping,9,1,1,3,0,1
TXN0841,123236,Bank Transfer,Electronics,11,1,1,0,1,1
TXN0842,149017,Card,Shopping,7,0,0,2,1,1
TXN0843,101147,Card,Fuel,2,1,0,4,0,1
TXN0844,11574,Bank Transfer,Electronics,16,1,0,0,1,0
TXN0845,26659,Card,Electronics,18,0,1,5,0,0
TXN0846,92567,UPI,Travel,3,1,1,1,0,0
TXN0847,81221,Bank Transfer,Fuel,2,0,1,4,0,1
TXN0848,10022,Bank Transfer,Electronics,3,1,1,3,0,0
TXN0849,124088,UPI,Fuel,17,0,1,2,1,1
TXN0850,64912,Bank Transfer,Grocery,2,0,0,3,0,1
TXN0851,145443,Bank Transfer,Travel,7,1,0,5,0,1
TXN0852,90645,Card,Grocery,13,1,1,3,0,1
TXN0853,47729,UPI,Grocery,8,0,0,5,1,0
TXN0854,113753,Card,Electronics,11,0,0,1,0,1
TXN0855,137879,UPI,Electronics,22,1,1,5,1,1
TXN0856,61315,Card,Fuel,15,0,1,3,1,1
TXN0857,98462,Bank Transfer,Grocery,9,1,0,2,0,1
TXN0858,32563,Card,Food,5,0,0,1,1,0
TXN0859,9659,UPI,Grocery,14,0,0,1,1,0
TXN0860,48072,Bank Transfer,Electronics,2,1,1,0,0,0
TXN0861,96203,UPI,Electronics,14,0,0,2,1,1
TXN0862,130786,Card,Food,4,0,0,3,1,1
TXN0863,121695,Bank Transfer,Travel,10,0,1,4,1,1
TXN0864,136536,Bank Transfer,Travel,14,1,0,0,1,1
TXN0865,17247,Card,Shopping,3,1,1,5,1,0
TXN0866,57923,UPI,Food,22,1,0,5,1,1
TXN0867,109682,Card,Electronics,23,1,1,4,1,1
TXN0868,134178,UPI,Electronics,7,1,1,0,0,0
TXN0869,101830,Bank Transfer,Shopping,20,1,1,3,1,1
TXN0870,7788,Card,Travel,14,0,1,5,1,0
TXN0871,68817,Card,Grocery,16,1,1,1,1,1
TXN0872,129470,Card,Fuel,9,0,0,4,1,1
TXN0873,41899,Card,Grocery,13,1,1,4,0,0
TXN0874,106901,Card,Electronics,22,0,1,2,1,1
TXN0875,10438,UPI,Grocery,9,0,1,4,0,0
TXN0876,12540,Card,Fuel,1,0,0,2,0,0
TXN0877,37011,UPI,Electronics,7,1,0,3,0,0
TXN0878,108412,UPI,Food,10,1,1,1,0,0
TXN0879,97815,UPI,Food,8,1,0,3,1,1
TXN0880,42688,Card,Grocery,0,1,0,2,0,0
TXN0881,12315,UPI,Grocery,0,0,0,5,0,0
TXN0882,119925,UPI,Travel,21,0,1,0,1,1
TXN0883,121435,Bank Transfer,Travel,12,1,1,5,1,1
TXN0884,44934,UPI,Travel,21,0,1,1,0,0
TXN0885,33428,UPI,Food,1,1,1,1,0,0
TXN0886,90165,Bank Transfer,Fuel,13,1,0,5,1,1
TXN0887,26230,UPI,Electronics,2,1,0,5,1,0
TXN0888,126593,Bank Transfer,Travel,16,1,0,5,1,1
TXN0889,8001,UPI,Food,15,1,1,1,1,0
TXN0890,148918,Card,Fuel,17,0,1,2,0,0
TXN0891,7682,UPI,Food,0,0,0,1,1,0
TXN0892,23568,UPI,Shopping,14,1,1,0,0,0
TXN0893,87660,Card,Grocery,13,0,0,5,1,1
TXN0894,84655,Bank Transfer,Shopping,11,0,1,5,0,1
TXN0895,87605,Card,Fuel,14,1,0,3,1,1
TXN0896,2054,UPI,Grocery,16,0,0,4,0,0
TXN0897,122397,UPI,Grocery,2,0,1,1,1,1
TXN0898,25069,Bank Transfer,Grocery,3,1,1,0,0,0
TXN0899,46848,Bank Transfer,Travel,20,1,0,5,1,0
TXN0900,24609,Card,Food,0,1,0,4,1,0
TXN0901,25936,Card,Food,19,1,1,3,0,0
TXN0902,71104,Bank Transfer,Food,17,1,1,2,1,1
TXN0903,21227,UPI,Shopping,14,0,1,4,1,0
TXN0904,80480,UPI,Travel,11,0,1,0,1,1
TXN0905,69376,UPI,Shopping,11,1,0,3,1,1
TXN0906,79798,Bank Transfer,Food,7,1,0,0,0,1
TXN0907,132540,Bank Transfer,Shopping,3,0,1,3,0,1
TXN0908,120484,Bank Transfer,Food,9,0,1,1,1,1
TXN0909,72388,Bank Transfer,Food,21,1,1,5,1,1
TXN0910,65767,Bank Transfer,Shopping,23,1,0,3,0,1
TXN0911,32335,Bank Transfer,Electronics,22,1,0,5,0,0
TXN0912,7187,Bank Transfer,Fuel,21,0,0,3,1,0
TXN0913,9028,Bank Transfer,Grocery,19,0,0,2,1,0
TXN0914,46014,Card,Shopping,21,1,0,3,1,0
TXN0915,54245,UPI,Fuel,19,0,0,5,0,1
TXN0916,144433,Bank Transfer,Shopping,6,1,0,5,0,1
TXN0917,11455,Bank Transfer,Food,3,0,1,3,0,0
TXN0918,43363,Card,Fuel,18,1,0,2,0,0
TXN0919,122570,UPI,Food,1,1,1,1,1,1
TXN0920,66446,UPI,Shopping,2,1,0,0,1,1
TXN0921,55296,UPI,Food,10,0,0,0,0,1
TXN0922,7219,Bank Transfer,Travel,1,0,0,0,1,0
TXN0923,95328,Bank Transfer,Grocery,6,1,0,3,1,1
TXN0924,51829,UPI,Food,3,0,0,5,1,1
TXN0925,3621,Bank Transfer,Grocery,10,0,1,2,1,0
TXN0926,9142,Card,Grocery,19,0,1,3,1,0
TXN0927,131318,Card,Travel,7,1,1,1,1,1
TXN0928,134340,UPI,Food,16,1,0,5,1,1
TXN0929,85064,Bank Transfer,Grocery,23,0,1,4,1,1
TXN0930,9144,Card,Travel,11,0,0,5,0,0
TXN0931,116063,UPI,Electronics,21,0,0,0,1,1
TXN0932,146804,Bank Transfer,Travel,11,1,1,4,1,1
TXN0933,28408,Bank Transfer,Fuel,3,0,0,2,0,0
TXN0934,80439,Bank Transfer,Fuel,12,1,0,4,1,1
TXN0935,61720,UPI,Electronics,20,0,0,5,1,1
TXN0936,60951,UPI,Travel,2,1,1,5,1,1
TXN0937,124805,Card,Travel,1,0,1,0,1,1
TXN0938,79915,UPI,Travel,8,1,0,5,0,1
TXN0939,125354,Card,Food,6,0,1,4,0,1
TXN0940,12450,Bank Transfer,Grocery,5,1,0,4,0,0
TXN0941,77802,Bank Transfer,Shopping,22,1,0,5,0,1
TXN0942,81800,UPI,Fuel,3,1,0,1,0,1
TXN0943,113621,Bank Transfer,Shopping,19,0,0,1,1,1
TXN0944,119876,Card,Fuel,8,0,0,2,0,1
TXN0945,33977,Card,Electronics,9,0,1,4,0,0
TXN0946,37344,UPI,Travel,4,0,1,5,1,0
TXN0947,117214,Bank Transfer,Food,15,0,0,5,1,1
TXN0948,60319,Card,Travel,3,1,1,2,1,1
TXN0949,113568,UPI,Shopping,9,0,0,0,1,1
TXN0950,1490,Bank Transfer,Shopping,3,1,0,5,0,0
TXN0951,13223,Card,Electronics,23,0,0,2,0,0
TXN0952,2539,Card,Travel,17,1,1,0,1,0
TXN0953,17852,Card,Shopping,19,1,1,0,0,0
TXN0954,144008,UPI,Electronics,12,1,1,2,1,1
TXN0955,55691,Card,Grocery,6,1,1,5,0,1
TXN0956,71711,UPI,Fuel,11,0,0,1,0,1
TXN0957,49069,UPI,Shopping,18,0,1,1,1,0
TXN0958,37396,Bank Transfer,Food,22,1,1,3,0,0
TXN0959,108262,Bank Transfer,Grocery,9,0,0,3,1,1
TXN0960,6251,Bank Transfer,Travel,14,1,1,2,1,0
TXN0961,11680,Bank Transfer,Grocery,4,1,1,3,0,0
TXN0962,24598,Card,Food,14,1,1,0,0,0
TXN0963,60473,Card,Food,13,1,1,0,1,1
TXN0964,77778,UPI,Food,6,0,1,1,1,1
TXN0965,62528,Card,Grocery,1,1,0,0,0,1
TXN0966,18998,Card,Fuel,3,0,0,0,0,0
TXN0967,198,Card,Grocery,14,1,0,4,1,0
TXN0968,61858,Bank Transfer,Travel,7,1,1,1,1,1
TXN0969,36495,UPI,Food,6,0,0,1,1,0
TXN0970,96080,UPI,Travel,16,0,0,5,1,1
TXN0971,52006,Bank Transfer,Grocery,20,0,1,2,1,1
TXN0972,96128,UPI,Grocery,0,1,1,2,1,1
TXN0973,147876,UPI,Electronics,22,0,0,2,1,1
TXN0974,59197,Bank Transfer,Fuel,10,1,1,2,0,0
TXN0975,73518,Card,Electronics,17,1,1,2,1,1
TXN0976,125900,Bank Transfer,Food,4,1,1,2,0,0
TXN0977,76409,Bank Transfer,Travel,11,0,1,1,0,0
TXN0978,146230,Card,Grocery,17,1,0,0,1,1
TXN0979,119076,Bank Transfer,Electronics,4,0,1,1,0,0
TXN0980,67975,Card,Shopping,23,0,0,2,1,1
TXN0981,139060,UPI,Electronics,20,0,0,3,0,1
TXN0982,62066,UPI,Shopping,15,1,1,4,1,1
TXN0983,84479,Bank Transfer,Grocery,12,0,0,4,1,1
TXN0984,45958,UPI,Food,2,0,1,0,0,0
TXN0985,120917,Card,Shopping,2,1,0,4,1,1
TXN0986,17993,Card,Electronics,10,0,0,2,1,0
TXN0987,79797,Bank Transfer,Shopping,7,1,0,3,1,1
TXN0988,123384,Card,Grocery,15,0,1,4,0,1
TXN0989,136620,Bank Transfer,Food,17,0,1,3,1,1
TXN0990,5389,Bank Transfer,Electronics,14,0,0,0,0,0
TXN0991,90704,Card,Food,17,0,0,3,1,1
TXN0992,83295,Bank Transfer,Fuel,15,0,1,0,0,0
TXN0993,107456,Bank Transfer,Fuel,12,1,0,0,1,1
TXN0994,73644,UPI,Travel,6,0,1,3,0,1
TXN0995,93422,Bank Transfer,Grocery,19,0,1,1,1,1
TXN0996,87517,UPI,Food,10,0,1,3,1,1
TXN0997,104316,Card,Travel,12,0,0,1,1,1
TXN0998,136922,Card,Shopping,12,0,1,0,1,1
TXN0999,68741,Card,Travel,0,0,0,3,0,1
TXN1000,15542,Card,Grocery,8,0,1,1,0,0
